<?xml version='1.0' encoding='ASCII'?>
<report>
  <plipversion>2.3.1</plipversion>
  <bindingsite id="1" has_interactions="True">
    <identifiers>
      <longname>UNL</longname>
      <ligtype>SMALLMOLECULE</ligtype>
      <hetid>UNL</hetid>
      <chain>A</chain>
      <position>1</position>
      <composite>False</composite>
      <members>
        <member id="1">UNL:A:1</member>
      </members>
      <smiles>Clc1ccccc1c1onc(n1)c1ccncc1</smiles>
      <inchikey>YXVGPSQAIBDQJD-UHFFFAOYSA-N
</inchikey>
    </identifiers>
    <lig_properties>
      <num_heavy_atoms>18</num_heavy_atoms>
      <num_hbd>0</num_hbd>
      <num_unpaired_hbd>0</num_unpaired_hbd>
      <num_hba>3</num_hba>
      <num_unpaired_hba>2</num_unpaired_hba>
      <num_hal>1</num_hal>
      <num_unpaired_hal>1</num_unpaired_hal>
      <num_aromatic_rings>3</num_aromatic_rings>
      <num_rotatable_bonds>2</num_rotatable_bonds>
      <molweight>257.67512000000005</molweight>
      <logp>3.452000000000001</logp>
    </lig_properties>
    <interacting_chains>
      <interacting_chain id="1">A</interacting_chain>
    </interacting_chains>
    <bs_residues>
      <bs_residue id="1" contact="True" min_dist="3.4" aa="LYS">5A</bs_residue>
      <bs_residue id="2" contact="False" min_dist="5.0" aa="PRO">73A</bs_residue>
      <bs_residue id="3" contact="False" min_dist="5.0" aa="CYS">6A</bs_residue>
      <bs_residue id="4" contact="False" min_dist="3.9" aa="SER">41A</bs_residue>
      <bs_residue id="5" contact="False" min_dist="7.1" aa="SER">71A</bs_residue>
      <bs_residue id="6" contact="False" min_dist="3.4" aa="GLY">54A</bs_residue>
      <bs_residue id="7" contact="False" min_dist="3.5" aa="ASP">76A</bs_residue>
      <bs_residue id="8" contact="False" min_dist="2.8" aa="ASN">52A</bs_residue>
      <bs_residue id="9" contact="False" min_dist="4.7" aa="LEU">55A</bs_residue>
      <bs_residue id="10" contact="False" min_dist="6.0" aa="ASN">43A</bs_residue>
      <bs_residue id="11" contact="True" min_dist="3.5" aa="ALA">3A</bs_residue>
      <bs_residue id="12" contact="False" min_dist="5.0" aa="TYR">40A</bs_residue>
      <bs_residue id="13" contact="False" min_dist="5.8" aa="ALA">42A</bs_residue>
      <bs_residue id="14" contact="False" min_dist="5.7" aa="THR">75A</bs_residue>
      <bs_residue id="15" contact="False" min_dist="3.8" aa="ILE">4A</bs_residue>
      <bs_residue id="16" contact="False" min_dist="6.7" aa="GLN">2A</bs_residue>
      <bs_residue id="17" contact="True" min_dist="1.8" aa="TRP">56A</bs_residue>
      <bs_residue id="18" contact="False" min_dist="5.1" aa="LEU">53A</bs_residue>
      <bs_residue id="19" contact="False" min_dist="3.7" aa="ASN">39A</bs_residue>
      <bs_residue id="20" contact="True" min_dist="3.8" aa="GLN">74A</bs_residue>
    </bs_residues>
    <interactions>
      <hydrophobic_interactions>
        <hydrophobic_interaction id="1">
          <resnr>3</resnr>
          <restype>ALA</restype>
          <reschain>A</reschain>
          <resnr_lig>1</resnr_lig>
          <restype_lig>UNL</restype_lig>
          <reschain_lig>A</reschain_lig>
          <dist>3.90</dist>
          <ligcarbonidx>1588</ligcarbonidx>
          <protcarbonidx>17</protcarbonidx>
          <ligcoo>
            <x>21.016</x>
            <y>30.155</y>
            <z>9.492</z>
          </ligcoo>
          <protcoo>
            <x>22.339</x>
            <y>26.688</y>
            <z>10.684</z>
          </protcoo>
        </hydrophobic_interaction>
        <hydrophobic_interaction id="2">
          <resnr>5</resnr>
          <restype>LYS</restype>
          <reschain>A</reschain>
          <resnr_lig>1</resnr_lig>
          <restype_lig>UNL</restype_lig>
          <reschain_lig>A</reschain_lig>
          <dist>3.59</dist>
          <ligcarbonidx>1589</ligcarbonidx>
          <protcarbonidx>32</protcarbonidx>
          <ligcoo>
            <x>21.275</x>
            <y>31.526</y>
            <z>9.691</z>
          </ligcoo>
          <protcoo>
            <x>18.123</x>
            <y>31.929</y>
            <z>8.019</z>
          </protcoo>
        </hydrophobic_interaction>
        <hydrophobic_interaction id="3">
          <resnr>74</resnr>
          <restype>GLN</restype>
          <reschain>A</reschain>
          <resnr_lig>1</resnr_lig>
          <restype_lig>UNL</restype_lig>
          <reschain_lig>A</reschain_lig>
          <dist>3.84</dist>
          <ligcarbonidx>1585</ligcarbonidx>
          <protcarbonidx>638</protcarbonidx>
          <ligcoo>
            <x>21.868</x>
            <y>31.677</y>
            <z>7.333</z>
          </ligcoo>
          <protcoo>
            <x>21.751</x>
            <y>33.469</y>
            <z>3.941</z>
          </protcoo>
        </hydrophobic_interaction>
      </hydrophobic_interactions>
      <hydrogen_bonds>
        <hydrogen_bond id="1">
          <resnr>56</resnr>
          <restype>TRP</restype>
          <reschain>A</reschain>
          <resnr_lig>1</resnr_lig>
          <restype_lig>UNL</restype_lig>
          <reschain_lig>A</reschain_lig>
          <sidechain>True</sidechain>
          <dist_h-a>1.97</dist_h-a>
          <dist_d-a>2.90</dist_d-a>
          <don_angle>148.80</don_angle>
          <protisdon>True</protisdon>
          <donoridx>455</donoridx>
          <donortype>Nar</donortype>
          <acceptoridx>1594</acceptoridx>
          <acceptortype>Nar</acceptortype>
          <ligcoo>
            <x>20.135</x>
            <y>33.369</y>
            <z>12.551</z>
          </ligcoo>
          <protcoo>
            <x>18.505</x>
            <y>35.333</y>
            <z>11.171</z>
          </protcoo>
        </hydrogen_bond>
      </hydrogen_bonds>
      <water_bridges/>
      <salt_bridges/>
      <pi_stacks/>
      <pi_cation_interactions/>
      <halogen_bonds/>
      <metal_complexes/>
    </interactions>
    <mappings>
      <smiles_to_pdb>1:1583,2:1584,3:1585,4:1586,5:1587,6:1588,7:1589,8:1590,12:1591,9:1592,11:1593,10:1594,13:1595,14:1596,18:1597,15:1598,17:1599,16:1600</smiles_to_pdb>
    </mappings>
  </bindingsite>
  <date_of_creation>2025/09/01</date_of_creation>
  <citation_information>Adasme,M. et al. PLIP 2021: expanding the scope of the protein-ligand interaction profiler to DNA and RNA. Nucl. Acids Res. (05 May 2021), gkab294. doi: 10.1093/nar/gkab294</citation_information>
  <maintainer_information>PharmAI GmbH (2020-2021) - www.pharm.ai - hello@pharm.ai</maintainer_information>
  <mode>default</mode>
  <pdbid>ZINC000000001947_COMPLEX_PROTEIN</pdbid>
  <model>1</model>
  <filetype>PDB</filetype>
  <pdbfile>plip_results/ZINC000000001947_complex/plipfixed.ZINC000000001947_complex_3r_jjdn3.pdb</pdbfile>
  <pdbfixes>True</pdbfixes>
  <filename>plipfixed.ZINC000000001947_complex_3r_jjdn3.pdb</filename>
  <excluded_ligands/>
  <covlinkages/>
</report>
