<?xml version='1.0' encoding='ASCII'?>
<report>
  <plipversion>2.3.1</plipversion>
  <bindingsite id="1" has_interactions="True">
    <identifiers>
      <longname>UNL</longname>
      <ligtype>SMALLMOLECULE</ligtype>
      <hetid>UNL</hetid>
      <chain>A</chain>
      <position>1</position>
      <composite>False</composite>
      <members>
        <member id="1">UNL:A:1</member>
      </members>
      <smiles>CN1CCC(CC1)[C@H](c1ccccn1)c1ccc(cc1)Cl</smiles>
      <inchikey>RHRDQKMGQULIAM-UHFFFAOYSA-N
</inchikey>
    </identifiers>
    <lig_properties>
      <num_heavy_atoms>21</num_heavy_atoms>
      <num_hbd>1</num_hbd>
      <num_unpaired_hbd>1</num_unpaired_hbd>
      <num_hba>1</num_hba>
      <num_unpaired_hba>1</num_unpaired_hba>
      <num_hal>1</num_hal>
      <num_unpaired_hal>1</num_unpaired_hal>
      <num_aromatic_rings>2</num_aromatic_rings>
      <num_rotatable_bonds>3</num_rotatable_bonds>
      <molweight>300.82574</molweight>
      <logp>4.146600000000001</logp>
    </lig_properties>
    <interacting_chains>
      <interacting_chain id="1">A</interacting_chain>
    </interacting_chains>
    <bs_residues>
      <bs_residue id="1" contact="False" min_dist="3.7" aa="ASP">76A</bs_residue>
      <bs_residue id="2" contact="False" min_dist="3.4" aa="ASN">52A</bs_residue>
      <bs_residue id="3" contact="False" min_dist="6.0" aa="GLN">2A</bs_residue>
      <bs_residue id="4" contact="False" min_dist="4.5" aa="LEU">53A</bs_residue>
      <bs_residue id="5" contact="True" min_dist="2.6" aa="TRP">56A</bs_residue>
      <bs_residue id="6" contact="False" min_dist="5.8" aa="SER">71A</bs_residue>
      <bs_residue id="7" contact="True" min_dist="2.8" aa="LYS">5A</bs_residue>
      <bs_residue id="8" contact="False" min_dist="3.2" aa="GLY">54A</bs_residue>
      <bs_residue id="9" contact="True" min_dist="3.4" aa="GLN">74A</bs_residue>
      <bs_residue id="10" contact="False" min_dist="3.3" aa="ILE">4A</bs_residue>
      <bs_residue id="11" contact="False" min_dist="6.3" aa="TYR">72A</bs_residue>
      <bs_residue id="12" contact="False" min_dist="3.8" aa="ALA">3A</bs_residue>
      <bs_residue id="13" contact="False" min_dist="6.7" aa="SER">41A</bs_residue>
      <bs_residue id="14" contact="False" min_dist="5.2" aa="ASN">39A</bs_residue>
      <bs_residue id="15" contact="False" min_dist="6.0" aa="LEU">70A</bs_residue>
      <bs_residue id="16" contact="False" min_dist="5.5" aa="THR">75A</bs_residue>
      <bs_residue id="17" contact="False" min_dist="5.1" aa="CYS">6A</bs_residue>
      <bs_residue id="18" contact="False" min_dist="6.8" aa="ALA">42A</bs_residue>
      <bs_residue id="19" contact="False" min_dist="3.7" aa="PRO">73A</bs_residue>
      <bs_residue id="20" contact="False" min_dist="5.8" aa="LEU">55A</bs_residue>
    </bs_residues>
    <interactions>
      <hydrophobic_interactions>
        <hydrophobic_interaction id="1">
          <resnr>5</resnr>
          <restype>LYS</restype>
          <reschain>A</reschain>
          <resnr_lig>1</resnr_lig>
          <restype_lig>UNL</restype_lig>
          <reschain_lig>A</reschain_lig>
          <dist>3.63</dist>
          <ligcarbonidx>1594</ligcarbonidx>
          <protcarbonidx>32</protcarbonidx>
          <ligcoo>
            <x>21.659</x>
            <y>31.476</y>
            <z>7.347</z>
          </ligcoo>
          <protcoo>
            <x>18.123</x>
            <y>31.929</y>
            <z>8.019</z>
          </protcoo>
        </hydrophobic_interaction>
        <hydrophobic_interaction id="2">
          <resnr>56</resnr>
          <restype>TRP</restype>
          <reschain>A</reschain>
          <resnr_lig>1</resnr_lig>
          <restype_lig>UNL</restype_lig>
          <reschain_lig>A</reschain_lig>
          <dist>3.75</dist>
          <ligcarbonidx>1589</ligcarbonidx>
          <protcarbonidx>459</protcarbonidx>
          <ligcoo>
            <x>21.073</x>
            <y>33.124</y>
            <z>10.597</z>
          </ligcoo>
          <protcoo>
            <x>20.450</x>
            <y>36.825</y>
            <z>10.634</z>
          </protcoo>
        </hydrophobic_interaction>
        <hydrophobic_interaction id="3">
          <resnr>74</resnr>
          <restype>GLN</restype>
          <reschain>A</reschain>
          <resnr_lig>1</resnr_lig>
          <restype_lig>UNL</restype_lig>
          <reschain_lig>A</reschain_lig>
          <dist>3.80</dist>
          <ligcarbonidx>1596</ligcarbonidx>
          <protcarbonidx>638</protcarbonidx>
          <ligcoo>
            <x>21.683</x>
            <y>30.519</y>
            <z>6.329</z>
          </ligcoo>
          <protcoo>
            <x>21.751</x>
            <y>33.469</y>
            <z>3.941</z>
          </protcoo>
        </hydrophobic_interaction>
      </hydrophobic_interactions>
      <hydrogen_bonds/>
      <water_bridges/>
      <salt_bridges/>
      <pi_stacks>
        <pi_stack id="1">
          <resnr>56</resnr>
          <restype>TRP</restype>
          <reschain>A</reschain>
          <resnr_lig>1</resnr_lig>
          <restype_lig>UNL</restype_lig>
          <reschain_lig>A</reschain_lig>
          <prot_idx_list>
            <idx id="1">454</idx>
            <idx id="2">456</idx>
            <idx id="3">457</idx>
            <idx id="4">459</idx>
            <idx id="5">460</idx>
            <idx id="6">461</idx>
          </prot_idx_list>
          <centdist>4.86</centdist>
          <angle>63.00</angle>
          <offset>0.78</offset>
          <type>T</type>
          <lig_idx_list>
            <idx id="1">1599</idx>
            <idx id="2">1600</idx>
            <idx id="3">1601</idx>
            <idx id="4">1602</idx>
            <idx id="5">1603</idx>
            <idx id="6">1604</idx>
          </lig_idx_list>
          <ligcoo>
            <x>23.297</x>
            <y>35.986</y>
            <z>8.185</z>
          </ligcoo>
          <protcoo>
            <x>19.427</x>
            <y>37.810</y>
            <z>10.488</z>
          </protcoo>
        </pi_stack>
      </pi_stacks>
      <pi_cation_interactions/>
      <halogen_bonds/>
      <metal_complexes/>
    </interactions>
    <mappings>
      <smiles_to_pdb>8:1583,5:1584,2:1585,3:1586,7:1587,4:1588,6:1589,1:1590,15:1592,16:1593,20:1594,17:1595,19:1596,18:1597,21:1598,9:1599,10:1600,14:1601,11:1602,13:1603,12:1604</smiles_to_pdb>
    </mappings>
  </bindingsite>
  <date_of_creation>2025/09/01</date_of_creation>
  <citation_information>Adasme,M. et al. PLIP 2021: expanding the scope of the protein-ligand interaction profiler to DNA and RNA. Nucl. Acids Res. (05 May 2021), gkab294. doi: 10.1093/nar/gkab294</citation_information>
  <maintainer_information>PharmAI GmbH (2020-2021) - www.pharm.ai - hello@pharm.ai</maintainer_information>
  <mode>default</mode>
  <pdbid>ZINC000000001228_COMPLEX_PROTEIN</pdbid>
  <model>1</model>
  <filetype>PDB</filetype>
  <pdbfile>plip_results/ZINC000000001228_complex/plipfixed.ZINC000000001228_complex_b0pfjk8v.pdb</pdbfile>
  <pdbfixes>True</pdbfixes>
  <filename>plipfixed.ZINC000000001228_complex_b0pfjk8v.pdb</filename>
  <excluded_ligands/>
  <covlinkages/>
</report>
