<?xml version='1.0' encoding='ASCII'?>
<report>
  <plipversion>2.3.1</plipversion>
  <bindingsite id="1" has_interactions="True">
    <identifiers>
      <longname>UNL</longname>
      <ligtype>SMALLMOLECULE</ligtype>
      <hetid>UNL</hetid>
      <chain>A</chain>
      <position>1</position>
      <composite>False</composite>
      <members>
        <member id="1">UNL:A:1</member>
      </members>
      <smiles>CCOC(=O)c1cc(nc2c1cc(C)cc2)c1ccccc1</smiles>
      <inchikey>BUDBHJPMAKXMLD-UHFFFAOYSA-N
</inchikey>
    </identifiers>
    <lig_properties>
      <num_heavy_atoms>22</num_heavy_atoms>
      <num_hbd>0</num_hbd>
      <num_unpaired_hbd>0</num_unpaired_hbd>
      <num_hba>2</num_hba>
      <num_unpaired_hba>1</num_unpaired_hba>
      <num_hal>0</num_hal>
      <num_unpaired_hal>0</num_unpaired_hal>
      <num_aromatic_rings>3</num_aromatic_rings>
      <num_rotatable_bonds>4</num_rotatable_bonds>
      <molweight>291.34378000000004</molweight>
      <logp>4.386900000000002</logp>
    </lig_properties>
    <interacting_chains>
      <interacting_chain id="1">A</interacting_chain>
    </interacting_chains>
    <bs_residues>
      <bs_residue id="1" contact="False" min_dist="4.9" aa="LEU">55A</bs_residue>
      <bs_residue id="2" contact="False" min_dist="4.7" aa="TYR">40A</bs_residue>
      <bs_residue id="3" contact="False" min_dist="3.7" aa="GLY">54A</bs_residue>
      <bs_residue id="4" contact="False" min_dist="3.4" aa="PRO">73A</bs_residue>
      <bs_residue id="5" contact="False" min_dist="3.9" aa="ILE">4A</bs_residue>
      <bs_residue id="6" contact="False" min_dist="4.7" aa="ASN">52A</bs_residue>
      <bs_residue id="7" contact="False" min_dist="3.4" aa="ASN">39A</bs_residue>
      <bs_residue id="8" contact="True" min_dist="3.6" aa="ALA">3A</bs_residue>
      <bs_residue id="9" contact="False" min_dist="4.6" aa="SER">41A</bs_residue>
      <bs_residue id="10" contact="False" min_dist="6.8" aa="GLN">2A</bs_residue>
      <bs_residue id="11" contact="False" min_dist="6.3" aa="TYR">72A</bs_residue>
      <bs_residue id="12" contact="False" min_dist="7.0" aa="LEU">70A</bs_residue>
      <bs_residue id="13" contact="False" min_dist="6.1" aa="CYS">6A</bs_residue>
      <bs_residue id="14" contact="False" min_dist="5.4" aa="LEU">53A</bs_residue>
      <bs_residue id="15" contact="False" min_dist="3.1" aa="TRP">56A</bs_residue>
      <bs_residue id="16" contact="True" min_dist="3.4" aa="GLN">74A</bs_residue>
      <bs_residue id="17" contact="True" min_dist="2.4" aa="LYS">5A</bs_residue>
      <bs_residue id="18" contact="False" min_dist="5.8" aa="SER">71A</bs_residue>
      <bs_residue id="19" contact="False" min_dist="3.4" aa="ASP">76A</bs_residue>
      <bs_residue id="20" contact="False" min_dist="5.5" aa="THR">75A</bs_residue>
      <bs_residue id="21" contact="False" min_dist="6.5" aa="ALA">42A</bs_residue>
    </bs_residues>
    <interactions>
      <hydrophobic_interactions>
        <hydrophobic_interaction id="1">
          <resnr>3</resnr>
          <restype>ALA</restype>
          <reschain>A</reschain>
          <resnr_lig>1</resnr_lig>
          <restype_lig>UNL</restype_lig>
          <reschain_lig>A</reschain_lig>
          <dist>3.86</dist>
          <ligcarbonidx>1596</ligcarbonidx>
          <protcarbonidx>17</protcarbonidx>
          <ligcoo>
            <x>21.130</x>
            <y>30.091</y>
            <z>9.314</z>
          </ligcoo>
          <protcoo>
            <x>22.339</x>
            <y>26.688</y>
            <z>10.684</z>
          </protcoo>
        </hydrophobic_interaction>
        <hydrophobic_interaction id="2">
          <resnr>5</resnr>
          <restype>LYS</restype>
          <reschain>A</reschain>
          <resnr_lig>1</resnr_lig>
          <restype_lig>UNL</restype_lig>
          <reschain_lig>A</reschain_lig>
          <dist>3.75</dist>
          <ligcarbonidx>1596</ligcarbonidx>
          <protcarbonidx>32</protcarbonidx>
          <ligcoo>
            <x>21.130</x>
            <y>30.091</y>
            <z>9.314</z>
          </ligcoo>
          <protcoo>
            <x>18.123</x>
            <y>31.929</y>
            <z>8.019</z>
          </protcoo>
        </hydrophobic_interaction>
        <hydrophobic_interaction id="3">
          <resnr>5</resnr>
          <restype>LYS</restype>
          <reschain>A</reschain>
          <resnr_lig>1</resnr_lig>
          <restype_lig>UNL</restype_lig>
          <reschain_lig>A</reschain_lig>
          <dist>3.82</dist>
          <ligcarbonidx>1588</ligcarbonidx>
          <protcarbonidx>34</protcarbonidx>
          <ligcoo>
            <x>22.271</x>
            <y>33.557</y>
            <z>8.974</z>
          </ligcoo>
          <protcoo>
            <x>18.811</x>
            <y>34.333</y>
            <z>7.552</z>
          </protcoo>
        </hydrophobic_interaction>
        <hydrophobic_interaction id="4">
          <resnr>74</resnr>
          <restype>GLN</restype>
          <reschain>A</reschain>
          <resnr_lig>1</resnr_lig>
          <restype_lig>UNL</restype_lig>
          <reschain_lig>A</reschain_lig>
          <dist>3.75</dist>
          <ligcarbonidx>1585</ligcarbonidx>
          <protcarbonidx>639</protcarbonidx>
          <ligcoo>
            <x>25.150</x>
            <y>33.227</y>
            <z>6.179</z>
          </ligcoo>
          <protcoo>
            <x>23.032</x>
            <y>33.587</y>
            <z>3.103</z>
          </protcoo>
        </hydrophobic_interaction>
      </hydrophobic_interactions>
      <hydrogen_bonds/>
      <water_bridges/>
      <salt_bridges>
        <salt_bridge id="1">
          <resnr>5</resnr>
          <restype>LYS</restype>
          <reschain>A</reschain>
          <prot_idx_list>
            <idx id="1">36</idx>
          </prot_idx_list>
          <resnr_lig>1</resnr_lig>
          <restype_lig>UNL</restype_lig>
          <reschain_lig>A</reschain_lig>
          <dist>4.20</dist>
          <protispos>True</protispos>
          <lig_group>Carboxylate</lig_group>
          <lig_idx_list>
            <idx id="1">1583</idx>
            <idx id="2">1587</idx>
          </lig_idx_list>
          <ligcoo>
            <x>23.085</x>
            <y>34.898</y>
            <z>7.646</z>
          </ligcoo>
          <protcoo>
            <x>19.328</x>
            <y>36.688</y>
            <z>7.099</z>
          </protcoo>
        </salt_bridge>
      </salt_bridges>
      <pi_stacks/>
      <pi_cation_interactions/>
      <halogen_bonds/>
      <metal_complexes/>
    </interactions>
    <mappings>
      <smiles_to_pdb>3:1583,2:1584,1:1585,4:1586,22:1587,5:1588,6:1589,10:1590,7:1591,11:1592,9:1593,8:1594,12:1595,15:1596,14:1597,13:1598,16:1599,17:1600,21:1601,18:1602,20:1603,19:1604</smiles_to_pdb>
    </mappings>
  </bindingsite>
  <date_of_creation>2025/09/01</date_of_creation>
  <citation_information>Adasme,M. et al. PLIP 2021: expanding the scope of the protein-ligand interaction profiler to DNA and RNA. Nucl. Acids Res. (05 May 2021), gkab294. doi: 10.1093/nar/gkab294</citation_information>
  <maintainer_information>PharmAI GmbH (2020-2021) - www.pharm.ai - hello@pharm.ai</maintainer_information>
  <mode>default</mode>
  <pdbid>ZINC000000001791_COMPLEX_PROTEIN</pdbid>
  <model>1</model>
  <filetype>PDB</filetype>
  <pdbfile>plip_results/ZINC000000001791_complex/plipfixed.ZINC000000001791_complex_g80n2g_a.pdb</pdbfile>
  <pdbfixes>True</pdbfixes>
  <filename>plipfixed.ZINC000000001791_complex_g80n2g_a.pdb</filename>
  <excluded_ligands/>
  <covlinkages/>
</report>
