<?xml version='1.0' encoding='ASCII'?>
<report>
  <plipversion>2.3.1</plipversion>
  <bindingsite id="1" has_interactions="True">
    <identifiers>
      <longname>UNL</longname>
      <ligtype>SMALLMOLECULE</ligtype>
      <hetid>UNL</hetid>
      <chain>A</chain>
      <position>1</position>
      <composite>False</composite>
      <members>
        <member id="1">UNL:A:1</member>
      </members>
      <smiles>[O]c1ccc(cc1)[C@H]1CC(=O)c2c(O1)cc(cc2[O])[O]</smiles>
      <inchikey>JWYYEDBEGOQALE-CYBMUJFWSA-N
</inchikey>
    </identifiers>
    <lig_properties>
      <num_heavy_atoms>20</num_heavy_atoms>
      <num_hbd>3</num_hbd>
      <num_unpaired_hbd>2</num_unpaired_hbd>
      <num_hba>5</num_hba>
      <num_unpaired_hba>4</num_unpaired_hba>
      <num_hal>0</num_hal>
      <num_unpaired_hal>0</num_unpaired_hal>
      <num_aromatic_rings>2</num_aromatic_rings>
      <num_rotatable_bonds>1</num_rotatable_bonds>
      <molweight>269.22896</molweight>
      <logp>3.8245000000000013</logp>
    </lig_properties>
    <interacting_chains>
      <interacting_chain id="1">A</interacting_chain>
    </interacting_chains>
    <bs_residues>
      <bs_residue id="1" contact="False" min_dist="6.5" aa="LEU">70A</bs_residue>
      <bs_residue id="2" contact="False" min_dist="5.7" aa="CYS">6A</bs_residue>
      <bs_residue id="3" contact="False" min_dist="5.7" aa="THR">75A</bs_residue>
      <bs_residue id="4" contact="True" min_dist="3.2" aa="GLN">74A</bs_residue>
      <bs_residue id="5" contact="True" min_dist="3.4" aa="TRP">56A</bs_residue>
      <bs_residue id="6" contact="False" min_dist="5.3" aa="GLN">2A</bs_residue>
      <bs_residue id="7" contact="False" min_dist="2.7" aa="ASN">52A</bs_residue>
      <bs_residue id="8" contact="False" min_dist="3.6" aa="ALA">3A</bs_residue>
      <bs_residue id="9" contact="True" min_dist="2.7" aa="GLY">54A</bs_residue>
      <bs_residue id="10" contact="False" min_dist="5.0" aa="ASN">39A</bs_residue>
      <bs_residue id="11" contact="False" min_dist="4.5" aa="SER">41A</bs_residue>
      <bs_residue id="12" contact="False" min_dist="4.1" aa="LEU">53A</bs_residue>
      <bs_residue id="13" contact="True" min_dist="2.9" aa="LYS">5A</bs_residue>
      <bs_residue id="14" contact="False" min_dist="6.4" aa="SER">71A</bs_residue>
      <bs_residue id="15" contact="False" min_dist="3.5" aa="PRO">73A</bs_residue>
      <bs_residue id="16" contact="False" min_dist="6.5" aa="TYR">72A</bs_residue>
      <bs_residue id="17" contact="False" min_dist="5.6" aa="LEU">55A</bs_residue>
      <bs_residue id="18" contact="False" min_dist="6.7" aa="VAL">51A</bs_residue>
      <bs_residue id="19" contact="False" min_dist="7.0" aa="ASN">43A</bs_residue>
      <bs_residue id="20" contact="False" min_dist="5.5" aa="TYR">40A</bs_residue>
      <bs_residue id="21" contact="False" min_dist="6.0" aa="ALA">42A</bs_residue>
      <bs_residue id="22" contact="True" min_dist="2.6" aa="ILE">4A</bs_residue>
      <bs_residue id="23" contact="False" min_dist="4.2" aa="ASP">76A</bs_residue>
    </bs_residues>
    <interactions>
      <hydrophobic_interactions>
        <hydrophobic_interaction id="1">
          <resnr>5</resnr>
          <restype>LYS</restype>
          <reschain>A</reschain>
          <resnr_lig>1</resnr_lig>
          <restype_lig>UNL</restype_lig>
          <reschain_lig>A</reschain_lig>
          <dist>3.90</dist>
          <ligcarbonidx>1585</ligcarbonidx>
          <protcarbonidx>32</protcarbonidx>
          <ligcoo>
            <x>21.845</x>
            <y>31.818</y>
            <z>9.174</z>
          </ligcoo>
          <protcoo>
            <x>18.123</x>
            <y>31.929</y>
            <z>8.019</z>
          </protcoo>
        </hydrophobic_interaction>
        <hydrophobic_interaction id="2">
          <resnr>5</resnr>
          <restype>LYS</restype>
          <reschain>A</reschain>
          <resnr_lig>1</resnr_lig>
          <restype_lig>UNL</restype_lig>
          <reschain_lig>A</reschain_lig>
          <dist>3.35</dist>
          <ligcarbonidx>1595</ligcarbonidx>
          <protcarbonidx>34</protcarbonidx>
          <ligcoo>
            <x>22.163</x>
            <y>34.364</y>
            <z>7.587</z>
          </ligcoo>
          <protcoo>
            <x>18.811</x>
            <y>34.333</y>
            <z>7.552</z>
          </protcoo>
        </hydrophobic_interaction>
        <hydrophobic_interaction id="3">
          <resnr>74</resnr>
          <restype>GLN</restype>
          <reschain>A</reschain>
          <resnr_lig>1</resnr_lig>
          <restype_lig>UNL</restype_lig>
          <reschain_lig>A</reschain_lig>
          <dist>3.56</dist>
          <ligcarbonidx>1597</ligcarbonidx>
          <protcarbonidx>638</protcarbonidx>
          <ligcoo>
            <x>22.794</x>
            <y>35.326</y>
            <z>6.795</z>
          </ligcoo>
          <protcoo>
            <x>21.751</x>
            <y>33.469</y>
            <z>3.941</z>
          </protcoo>
        </hydrophobic_interaction>
      </hydrophobic_interactions>
      <hydrogen_bonds>
        <hydrogen_bond id="1">
          <resnr>4</resnr>
          <restype>ILE</restype>
          <reschain>A</reschain>
          <resnr_lig>1</resnr_lig>
          <restype_lig>UNL</restype_lig>
          <reschain_lig>A</reschain_lig>
          <sidechain>False</sidechain>
          <dist_h-a>2.57</dist_h-a>
          <dist_d-a>3.12</dist_d-a>
          <don_angle>113.18</don_angle>
          <protisdon>True</protisdon>
          <donoridx>22</donoridx>
          <donortype>Nam</donortype>
          <acceptoridx>1602</acceptoridx>
          <acceptortype>O3</acceptortype>
          <ligcoo>
            <x>20.032</x>
            <y>29.078</y>
            <z>12.116</z>
          </ligcoo>
          <protcoo>
            <x>18.911</x>
            <y>26.884</y>
            <z>10.201</z>
          </protcoo>
        </hydrogen_bond>
        <hydrogen_bond id="2">
          <resnr>4</resnr>
          <restype>ILE</restype>
          <reschain>A</reschain>
          <resnr_lig>1</resnr_lig>
          <restype_lig>UNL</restype_lig>
          <reschain_lig>A</reschain_lig>
          <sidechain>False</sidechain>
          <dist_h-a>2.40</dist_h-a>
          <dist_d-a>3.09</dist_d-a>
          <don_angle>126.58</don_angle>
          <protisdon>False</protisdon>
          <donoridx>1602</donoridx>
          <donortype>O3</donortype>
          <acceptoridx>20</acceptoridx>
          <acceptortype>O2</acceptortype>
          <ligcoo>
            <x>20.032</x>
            <y>29.078</y>
            <z>12.116</z>
          </ligcoo>
          <protcoo>
            <x>17.202</x>
            <y>29.056</y>
            <z>10.870</z>
          </protcoo>
        </hydrogen_bond>
        <hydrogen_bond id="3">
          <resnr>54</resnr>
          <restype>GLY</restype>
          <reschain>A</reschain>
          <resnr_lig>1</resnr_lig>
          <restype_lig>UNL</restype_lig>
          <reschain_lig>A</reschain_lig>
          <sidechain>False</sidechain>
          <dist_h-a>2.72</dist_h-a>
          <dist_d-a>3.28</dist_d-a>
          <don_angle>114.49</don_angle>
          <protisdon>True</protisdon>
          <donoridx>436</donoridx>
          <donortype>Nam</donortype>
          <acceptoridx>1602</acceptoridx>
          <acceptortype>O3</acceptortype>
          <ligcoo>
            <x>20.032</x>
            <y>29.078</y>
            <z>12.116</z>
          </ligcoo>
          <protcoo>
            <x>17.197</x>
            <y>30.053</y>
            <z>13.454</z>
          </protcoo>
        </hydrogen_bond>
      </hydrogen_bonds>
      <water_bridges/>
      <salt_bridges/>
      <pi_stacks>
        <pi_stack id="1">
          <resnr>56</resnr>
          <restype>TRP</restype>
          <reschain>A</reschain>
          <resnr_lig>1</resnr_lig>
          <restype_lig>UNL</restype_lig>
          <reschain_lig>A</reschain_lig>
          <prot_idx_list>
            <idx id="1">454</idx>
            <idx id="2">456</idx>
            <idx id="3">457</idx>
            <idx id="4">459</idx>
            <idx id="5">460</idx>
            <idx id="6">461</idx>
          </prot_idx_list>
          <centdist>5.11</centdist>
          <angle>70.91</angle>
          <offset>1.34</offset>
          <type>T</type>
          <lig_idx_list>
            <idx id="1">1594</idx>
            <idx id="2">1595</idx>
            <idx id="3">1596</idx>
            <idx id="4">1597</idx>
            <idx id="5">1598</idx>
            <idx id="6">1599</idx>
          </lig_idx_list>
          <ligcoo>
            <x>23.138</x>
            <y>35.191</y>
            <z>8.143</z>
          </ligcoo>
          <protcoo>
            <x>19.427</x>
            <y>37.810</y>
            <z>10.488</z>
          </protcoo>
        </pi_stack>
      </pi_stacks>
      <pi_cation_interactions/>
      <halogen_bonds/>
      <metal_complexes/>
    </interactions>
    <mappings>
      <smiles_to_pdb>11:1583,10:1584,9:1585,8:1586,14:1587,13:1588,15:1589,16:1590,17:1591,18:1592,12:1593,5:1594,4:1595,6:1596,3:1597,7:1598,2:1599,1:1600,19:1602,20:1604</smiles_to_pdb>
    </mappings>
  </bindingsite>
  <date_of_creation>2025/09/01</date_of_creation>
  <citation_information>Adasme,M. et al. PLIP 2021: expanding the scope of the protein-ligand interaction profiler to DNA and RNA. Nucl. Acids Res. (05 May 2021), gkab294. doi: 10.1093/nar/gkab294</citation_information>
  <maintainer_information>PharmAI GmbH (2020-2021) - www.pharm.ai - hello@pharm.ai</maintainer_information>
  <mode>default</mode>
  <pdbid>ZINC000000001785_COMPLEX_PROTEIN</pdbid>
  <model>1</model>
  <filetype>PDB</filetype>
  <pdbfile>plip_results/ZINC000000001785_complex/plipfixed.ZINC000000001785_complex_gawdkrkb.pdb</pdbfile>
  <pdbfixes>True</pdbfixes>
  <filename>plipfixed.ZINC000000001785_complex_gawdkrkb.pdb</filename>
  <excluded_ligands/>
  <covlinkages/>
</report>
