<?xml version='1.0' encoding='ASCII'?>
<report>
  <plipversion>2.3.1</plipversion>
  <bindingsite id="1" has_interactions="True">
    <identifiers>
      <longname>UNL</longname>
      <ligtype>SMALLMOLECULE</ligtype>
      <hetid>UNL</hetid>
      <chain>A</chain>
      <position>1</position>
      <composite>False</composite>
      <members>
        <member id="1">UNL:A:1</member>
      </members>
      <smiles>CC1=N[C@H](C2=C(N1)[N]C=C2)[N]Cc1ccccc1</smiles>
      <inchikey>PPNGJGUFWWWGNJ-UHFFFAOYSA-N
</inchikey>
    </identifiers>
    <lig_properties>
      <num_heavy_atoms>18</num_heavy_atoms>
      <num_hbd>3</num_hbd>
      <num_unpaired_hbd>1</num_unpaired_hbd>
      <num_hba>2</num_hba>
      <num_unpaired_hba>2</num_unpaired_hba>
      <num_hal>0</num_hal>
      <num_unpaired_hal>0</num_unpaired_hal>
      <num_aromatic_rings>3</num_aromatic_rings>
      <num_rotatable_bonds>3</num_rotatable_bonds>
      <molweight>238.28776000000002</molweight>
      <logp>1.3461999999999998</logp>
    </lig_properties>
    <interacting_chains>
      <interacting_chain id="1">A</interacting_chain>
    </interacting_chains>
    <bs_residues>
      <bs_residue id="1" contact="False" min_dist="6.0" aa="ASN">39A</bs_residue>
      <bs_residue id="2" contact="True" min_dist="2.9" aa="LYS">5A</bs_residue>
      <bs_residue id="3" contact="False" min_dist="5.4" aa="CYS">6A</bs_residue>
      <bs_residue id="4" contact="False" min_dist="5.5" aa="LEU">70A</bs_residue>
      <bs_residue id="5" contact="False" min_dist="7.3" aa="ALA">42A</bs_residue>
      <bs_residue id="6" contact="False" min_dist="4.8" aa="LEU">53A</bs_residue>
      <bs_residue id="7" contact="True" min_dist="3.1" aa="ALA">3A</bs_residue>
      <bs_residue id="8" contact="False" min_dist="6.9" aa="SER">41A</bs_residue>
      <bs_residue id="9" contact="True" min_dist="3.5" aa="GLN">74A</bs_residue>
      <bs_residue id="10" contact="True" min_dist="3.6" aa="TRP">56A</bs_residue>
      <bs_residue id="11" contact="False" min_dist="6.3" aa="TYR">72A</bs_residue>
      <bs_residue id="12" contact="False" min_dist="4.3" aa="ASN">52A</bs_residue>
      <bs_residue id="13" contact="False" min_dist="3.4" aa="ILE">4A</bs_residue>
      <bs_residue id="14" contact="False" min_dist="3.9" aa="PRO">73A</bs_residue>
      <bs_residue id="15" contact="False" min_dist="2.9" aa="ASP">76A</bs_residue>
      <bs_residue id="16" contact="False" min_dist="6.3" aa="GLN">2A</bs_residue>
      <bs_residue id="17" contact="False" min_dist="5.9" aa="SER">71A</bs_residue>
      <bs_residue id="18" contact="False" min_dist="5.8" aa="LEU">55A</bs_residue>
      <bs_residue id="19" contact="False" min_dist="5.7" aa="THR">75A</bs_residue>
      <bs_residue id="20" contact="False" min_dist="3.3" aa="GLY">54A</bs_residue>
    </bs_residues>
    <interactions>
      <hydrophobic_interactions>
        <hydrophobic_interaction id="1">
          <resnr>5</resnr>
          <restype>LYS</restype>
          <reschain>A</reschain>
          <resnr_lig>1</resnr_lig>
          <restype_lig>UNL</restype_lig>
          <reschain_lig>A</reschain_lig>
          <dist>3.73</dist>
          <ligcarbonidx>1590</ligcarbonidx>
          <protcarbonidx>32</protcarbonidx>
          <ligcoo>
            <x>21.729</x>
            <y>31.002</y>
            <z>7.752</z>
          </ligcoo>
          <protcoo>
            <x>18.123</x>
            <y>31.929</y>
            <z>8.019</z>
          </protcoo>
        </hydrophobic_interaction>
        <hydrophobic_interaction id="2">
          <resnr>74</resnr>
          <restype>GLN</restype>
          <reschain>A</reschain>
          <resnr_lig>1</resnr_lig>
          <restype_lig>UNL</restype_lig>
          <reschain_lig>A</reschain_lig>
          <dist>3.71</dist>
          <ligcarbonidx>1592</ligcarbonidx>
          <protcarbonidx>638</protcarbonidx>
          <ligcoo>
            <x>22.056</x>
            <y>30.709</y>
            <z>6.395</z>
          </ligcoo>
          <protcoo>
            <x>21.751</x>
            <y>33.469</y>
            <z>3.941</z>
          </protcoo>
        </hydrophobic_interaction>
      </hydrophobic_interactions>
      <hydrogen_bonds>
        <hydrogen_bond id="1">
          <resnr>3</resnr>
          <restype>ALA</restype>
          <reschain>A</reschain>
          <resnr_lig>1</resnr_lig>
          <restype_lig>UNL</restype_lig>
          <reschain_lig>A</reschain_lig>
          <sidechain>False</sidechain>
          <dist_h-a>2.98</dist_h-a>
          <dist_d-a>3.68</dist_d-a>
          <don_angle>129.13</don_angle>
          <protisdon>False</protisdon>
          <donoridx>1588</donoridx>
          <donortype>Npl</donortype>
          <acceptoridx>14</acceptoridx>
          <acceptortype>O2</acceptortype>
          <ligcoo>
            <x>20.717</x>
            <y>29.672</y>
            <z>9.529</z>
          </ligcoo>
          <protcoo>
            <x>20.253</x>
            <y>26.155</y>
            <z>8.562</z>
          </protcoo>
        </hydrogen_bond>
        <hydrogen_bond id="2">
          <resnr>3</resnr>
          <restype>ALA</restype>
          <reschain>A</reschain>
          <resnr_lig>1</resnr_lig>
          <restype_lig>UNL</restype_lig>
          <reschain_lig>A</reschain_lig>
          <sidechain>False</sidechain>
          <dist_h-a>2.20</dist_h-a>
          <dist_d-a>3.15</dist_d-a>
          <don_angle>156.41</don_angle>
          <protisdon>False</protisdon>
          <donoridx>1591</donoridx>
          <donortype>Npl</donortype>
          <acceptoridx>14</acceptoridx>
          <acceptortype>O2</acceptortype>
          <ligcoo>
            <x>21.140</x>
            <y>28.899</y>
            <z>7.299</z>
          </ligcoo>
          <protcoo>
            <x>20.253</x>
            <y>26.155</y>
            <z>8.562</z>
          </protcoo>
        </hydrogen_bond>
      </hydrogen_bonds>
      <water_bridges/>
      <salt_bridges/>
      <pi_stacks>
        <pi_stack id="1">
          <resnr>56</resnr>
          <restype>TRP</restype>
          <reschain>A</reschain>
          <resnr_lig>1</resnr_lig>
          <restype_lig>UNL</restype_lig>
          <reschain_lig>A</reschain_lig>
          <prot_idx_list>
            <idx id="1">454</idx>
            <idx id="2">456</idx>
            <idx id="3">457</idx>
            <idx id="4">459</idx>
            <idx id="5">460</idx>
            <idx id="6">461</idx>
          </prot_idx_list>
          <centdist>4.80</centdist>
          <angle>65.40</angle>
          <offset>0.73</offset>
          <type>T</type>
          <lig_idx_list>
            <idx id="1">1597</idx>
            <idx id="2">1598</idx>
            <idx id="3">1599</idx>
            <idx id="4">1600</idx>
            <idx id="5">1601</idx>
            <idx id="6">1602</idx>
          </lig_idx_list>
          <ligcoo>
            <x>23.498</x>
            <y>36.801</y>
            <z>8.155</z>
          </ligcoo>
          <protcoo>
            <x>19.427</x>
            <y>37.810</y>
            <z>10.488</z>
          </protcoo>
        </pi_stack>
      </pi_stacks>
      <pi_cation_interactions/>
      <halogen_bonds/>
      <metal_complexes/>
    </interactions>
    <mappings>
      <smiles_to_pdb>5:1583,4:1585,2:1586,3:1587,15:1588,14:1589,13:1590,16:1591,18:1592,17:1593,1:1594,6:1596,7:1597,8:1598,12:1599,9:1600,11:1601,10:1602</smiles_to_pdb>
    </mappings>
  </bindingsite>
  <date_of_creation>2025/09/01</date_of_creation>
  <citation_information>Adasme,M. et al. PLIP 2021: expanding the scope of the protein-ligand interaction profiler to DNA and RNA. Nucl. Acids Res. (05 May 2021), gkab294. doi: 10.1093/nar/gkab294</citation_information>
  <maintainer_information>PharmAI GmbH (2020-2021) - www.pharm.ai - hello@pharm.ai</maintainer_information>
  <mode>default</mode>
  <pdbid>ZINC000000002036_COMPLEX_PROTEIN</pdbid>
  <model>1</model>
  <filetype>PDB</filetype>
  <pdbfile>plip_results/ZINC000000002036_complex/plipfixed.ZINC000000002036_complex_y__m9tku.pdb</pdbfile>
  <pdbfixes>True</pdbfixes>
  <filename>plipfixed.ZINC000000002036_complex_y__m9tku.pdb</filename>
  <excluded_ligands/>
  <covlinkages/>
</report>
