<?xml version='1.0' encoding='ASCII'?>
<report>
  <plipversion>2.3.1</plipversion>
  <bindingsite id="1" has_interactions="True">
    <identifiers>
      <longname>UNL</longname>
      <ligtype>SMALLMOLECULE</ligtype>
      <hetid>UNL</hetid>
      <chain>A</chain>
      <position>1</position>
      <composite>False</composite>
      <members>
        <member id="1">UNL:A:1</member>
      </members>
      <smiles>[N]c1ccc(cc1)S(=O)(=O)[N]c1cnc2c(n1)cccc2</smiles>
      <inchikey>FRSLGAPNJMECHY-UHFFFAOYSA-N
</inchikey>
    </identifiers>
    <lig_properties>
      <num_heavy_atoms>21</num_heavy_atoms>
      <num_hbd>3</num_hbd>
      <num_unpaired_hbd>3</num_unpaired_hbd>
      <num_hba>4</num_hba>
      <num_unpaired_hba>3</num_unpaired_hba>
      <num_hal>0</num_hal>
      <num_unpaired_hal>0</num_unpaired_hal>
      <num_aromatic_rings>3</num_aromatic_rings>
      <num_rotatable_bonds>3</num_rotatable_bonds>
      <molweight>297.31185999999997</molweight>
      <logp>3.0356000000000014</logp>
    </lig_properties>
    <interacting_chains>
      <interacting_chain id="1">A</interacting_chain>
    </interacting_chains>
    <bs_residues>
      <bs_residue id="1" contact="True" min_dist="3.7" aa="GLN">74A</bs_residue>
      <bs_residue id="2" contact="False" min_dist="6.9" aa="ASP">38A</bs_residue>
      <bs_residue id="3" contact="False" min_dist="5.9" aa="ALA">42A</bs_residue>
      <bs_residue id="4" contact="False" min_dist="5.4" aa="CYS">6A</bs_residue>
      <bs_residue id="5" contact="False" min_dist="4.9" aa="TYR">40A</bs_residue>
      <bs_residue id="6" contact="False" min_dist="3.5" aa="ASP">76A</bs_residue>
      <bs_residue id="7" contact="False" min_dist="4.3" aa="SER">41A</bs_residue>
      <bs_residue id="8" contact="False" min_dist="4.8" aa="LEU">53A</bs_residue>
      <bs_residue id="9" contact="False" min_dist="5.4" aa="PRO">73A</bs_residue>
      <bs_residue id="10" contact="False" min_dist="7.4" aa="ASN">43A</bs_residue>
      <bs_residue id="11" contact="False" min_dist="3.6" aa="ASN">39A</bs_residue>
      <bs_residue id="12" contact="False" min_dist="3.3" aa="ILE">4A</bs_residue>
      <bs_residue id="13" contact="False" min_dist="5.7" aa="THR">75A</bs_residue>
      <bs_residue id="14" contact="False" min_dist="3.3" aa="GLY">54A</bs_residue>
      <bs_residue id="15" contact="True" min_dist="3.4" aa="LYS">5A</bs_residue>
      <bs_residue id="16" contact="True" min_dist="2.6" aa="TRP">56A</bs_residue>
      <bs_residue id="17" contact="False" min_dist="6.2" aa="GLN">2A</bs_residue>
      <bs_residue id="18" contact="False" min_dist="3.6" aa="ALA">3A</bs_residue>
      <bs_residue id="19" contact="False" min_dist="3.9" aa="ASN">52A</bs_residue>
      <bs_residue id="20" contact="False" min_dist="5.0" aa="LEU">55A</bs_residue>
    </bs_residues>
    <interactions>
      <hydrophobic_interactions>
        <hydrophobic_interaction id="1">
          <resnr>5</resnr>
          <restype>LYS</restype>
          <reschain>A</reschain>
          <resnr_lig>1</resnr_lig>
          <restype_lig>UNL</restype_lig>
          <reschain_lig>A</reschain_lig>
          <dist>3.84</dist>
          <ligcarbonidx>1604</ligcarbonidx>
          <protcarbonidx>32</protcarbonidx>
          <ligcoo>
            <x>21.184</x>
            <y>29.623</y>
            <z>8.205</z>
          </ligcoo>
          <protcoo>
            <x>18.123</x>
            <y>31.929</y>
            <z>8.019</z>
          </protcoo>
        </hydrophobic_interaction>
        <hydrophobic_interaction id="2">
          <resnr>5</resnr>
          <restype>LYS</restype>
          <reschain>A</reschain>
          <resnr_lig>1</resnr_lig>
          <restype_lig>UNL</restype_lig>
          <reschain_lig>A</reschain_lig>
          <dist>3.78</dist>
          <ligcarbonidx>1603</ligcarbonidx>
          <protcarbonidx>34</protcarbonidx>
          <ligcoo>
            <x>21.922</x>
            <y>32.289</y>
            <z>8.185</z>
          </ligcoo>
          <protcoo>
            <x>18.811</x>
            <y>34.333</y>
            <z>7.552</z>
          </protcoo>
        </hydrophobic_interaction>
        <hydrophobic_interaction id="3">
          <resnr>56</resnr>
          <restype>TRP</restype>
          <reschain>A</reschain>
          <resnr_lig>1</resnr_lig>
          <restype_lig>UNL</restype_lig>
          <reschain_lig>A</reschain_lig>
          <dist>3.83</dist>
          <ligcarbonidx>1587</ligcarbonidx>
          <protcarbonidx>459</protcarbonidx>
          <ligcoo>
            <x>22.164</x>
            <y>35.243</y>
            <z>13.676</z>
          </ligcoo>
          <protcoo>
            <x>20.450</x>
            <y>36.825</y>
            <z>10.634</z>
          </protcoo>
        </hydrophobic_interaction>
        <hydrophobic_interaction id="4">
          <resnr>74</resnr>
          <restype>GLN</restype>
          <reschain>A</reschain>
          <resnr_lig>1</resnr_lig>
          <restype_lig>UNL</restype_lig>
          <reschain_lig>A</reschain_lig>
          <dist>3.66</dist>
          <ligcarbonidx>1605</ligcarbonidx>
          <protcarbonidx>638</protcarbonidx>
          <ligcoo>
            <x>22.076</x>
            <y>31.523</y>
            <z>7.029</z>
          </ligcoo>
          <protcoo>
            <x>21.751</x>
            <y>33.469</y>
            <z>3.941</z>
          </protcoo>
        </hydrophobic_interaction>
      </hydrophobic_interactions>
      <hydrogen_bonds>
        <hydrogen_bond id="1">
          <resnr>56</resnr>
          <restype>TRP</restype>
          <reschain>A</reschain>
          <resnr_lig>1</resnr_lig>
          <restype_lig>UNL</restype_lig>
          <reschain_lig>A</reschain_lig>
          <sidechain>True</sidechain>
          <dist_h-a>3.12</dist_h-a>
          <dist_d-a>4.01</dist_d-a>
          <don_angle>145.78</don_angle>
          <protisdon>True</protisdon>
          <donoridx>455</donoridx>
          <donortype>Nar</donortype>
          <acceptoridx>1599</acceptoridx>
          <acceptortype>Nar</acceptortype>
          <ligcoo>
            <x>21.270</x>
            <y>32.522</y>
            <z>10.447</z>
          </ligcoo>
          <protcoo>
            <x>18.505</x>
            <y>35.333</y>
            <z>11.171</z>
          </protcoo>
        </hydrogen_bond>
      </hydrogen_bonds>
      <water_bridges/>
      <salt_bridges/>
      <pi_stacks/>
      <pi_cation_interactions/>
      <halogen_bonds/>
      <metal_complexes/>
    </interactions>
    <mappings>
      <smiles_to_pdb>2:1583,3:1584,4:1585,5:1586,6:1587,7:1588,1:1589,8:1592,20:1593,21:1594,9:1595,10:1597,11:1598,15:1599,12:1600,14:1601,13:1602,16:1603,19:1604,17:1605,18:1606</smiles_to_pdb>
    </mappings>
  </bindingsite>
  <date_of_creation>2025/09/01</date_of_creation>
  <citation_information>Adasme,M. et al. PLIP 2021: expanding the scope of the protein-ligand interaction profiler to DNA and RNA. Nucl. Acids Res. (05 May 2021), gkab294. doi: 10.1093/nar/gkab294</citation_information>
  <maintainer_information>PharmAI GmbH (2020-2021) - www.pharm.ai - hello@pharm.ai</maintainer_information>
  <mode>default</mode>
  <pdbid>ZINC000000002106_COMPLEX_PROTEIN</pdbid>
  <model>1</model>
  <filetype>PDB</filetype>
  <pdbfile>plip_results/ZINC000000002106_complex/plipfixed.ZINC000000002106_complex_qkefgtmo.pdb</pdbfile>
  <pdbfixes>True</pdbfixes>
  <filename>plipfixed.ZINC000000002106_complex_qkefgtmo.pdb</filename>
  <excluded_ligands/>
  <covlinkages/>
</report>
