<?xml version='1.0' encoding='ASCII'?>
<report>
  <plipversion>2.3.1</plipversion>
  <bindingsite id="1" has_interactions="True">
    <identifiers>
      <longname>UNL</longname>
      <ligtype>SMALLMOLECULE</ligtype>
      <hetid>UNL</hetid>
      <chain>A</chain>
      <position>1</position>
      <composite>False</composite>
      <members>
        <member id="1">UNL:A:1</member>
      </members>
      <smiles>[N]C(=[N])[N]NCc1c(Cl)cccc1Cl</smiles>
      <inchikey>IDGWAHUQBHQQDF-UHFFFAOYSA-N
</inchikey>
    </identifiers>
    <lig_properties>
      <num_heavy_atoms>14</num_heavy_atoms>
      <num_hbd>6</num_hbd>
      <num_unpaired_hbd>3</num_unpaired_hbd>
      <num_hba>1</num_hba>
      <num_unpaired_hba>0</num_unpaired_hba>
      <num_hal>2</num_hal>
      <num_unpaired_hal>1</num_unpaired_hal>
      <num_aromatic_rings>1</num_aromatic_rings>
      <num_rotatable_bonds>4</num_rotatable_bonds>
      <molweight>229.06604000000002</molweight>
      <logp>1.2181000000000006</logp>
    </lig_properties>
    <interacting_chains>
      <interacting_chain id="1">A</interacting_chain>
    </interacting_chains>
    <bs_residues>
      <bs_residue id="1" contact="True" min_dist="3.5" aa="ALA">3A</bs_residue>
      <bs_residue id="2" contact="False" min_dist="5.2" aa="LEU">53A</bs_residue>
      <bs_residue id="3" contact="False" min_dist="3.5" aa="GLY">54A</bs_residue>
      <bs_residue id="4" contact="True" min_dist="2.2" aa="TRP">56A</bs_residue>
      <bs_residue id="5" contact="False" min_dist="4.7" aa="PRO">73A</bs_residue>
      <bs_residue id="6" contact="True" min_dist="3.9" aa="ASN">52A</bs_residue>
      <bs_residue id="7" contact="True" min_dist="3.1" aa="ASN">39A</bs_residue>
      <bs_residue id="8" contact="False" min_dist="6.6" aa="ALA">42A</bs_residue>
      <bs_residue id="9" contact="False" min_dist="4.3" aa="TYR">40A</bs_residue>
      <bs_residue id="10" contact="False" min_dist="4.6" aa="SER">41A</bs_residue>
      <bs_residue id="11" contact="True" min_dist="3.3" aa="LYS">5A</bs_residue>
      <bs_residue id="12" contact="True" min_dist="3.6" aa="GLN">74A</bs_residue>
      <bs_residue id="13" contact="False" min_dist="3.3" aa="ILE">4A</bs_residue>
      <bs_residue id="14" contact="False" min_dist="6.1" aa="GLN">2A</bs_residue>
      <bs_residue id="15" contact="False" min_dist="5.7" aa="CYS">6A</bs_residue>
      <bs_residue id="16" contact="False" min_dist="7.1" aa="SER">71A</bs_residue>
      <bs_residue id="17" contact="False" min_dist="5.5" aa="THR">75A</bs_residue>
      <bs_residue id="18" contact="False" min_dist="4.5" aa="LEU">55A</bs_residue>
      <bs_residue id="19" contact="False" min_dist="3.5" aa="ASP">76A</bs_residue>
    </bs_residues>
    <interactions>
      <hydrophobic_interactions>
        <hydrophobic_interaction id="1">
          <resnr>3</resnr>
          <restype>ALA</restype>
          <reschain>A</reschain>
          <resnr_lig>1</resnr_lig>
          <restype_lig>UNL</restype_lig>
          <reschain_lig>A</reschain_lig>
          <dist>3.99</dist>
          <ligcarbonidx>1598</ligcarbonidx>
          <protcarbonidx>17</protcarbonidx>
          <ligcoo>
            <x>20.995</x>
            <y>29.756</y>
            <z>8.524</z>
          </ligcoo>
          <protcoo>
            <x>22.339</x>
            <y>26.688</y>
            <z>10.684</z>
          </protcoo>
        </hydrophobic_interaction>
        <hydrophobic_interaction id="2">
          <resnr>5</resnr>
          <restype>LYS</restype>
          <reschain>A</reschain>
          <resnr_lig>1</resnr_lig>
          <restype_lig>UNL</restype_lig>
          <reschain_lig>A</reschain_lig>
          <dist>3.64</dist>
          <ligcarbonidx>1598</ligcarbonidx>
          <protcarbonidx>32</protcarbonidx>
          <ligcoo>
            <x>20.995</x>
            <y>29.756</y>
            <z>8.524</z>
          </ligcoo>
          <protcoo>
            <x>18.123</x>
            <y>31.929</y>
            <z>8.019</z>
          </protcoo>
        </hydrophobic_interaction>
        <hydrophobic_interaction id="3">
          <resnr>74</resnr>
          <restype>GLN</restype>
          <reschain>A</reschain>
          <resnr_lig>1</resnr_lig>
          <restype_lig>UNL</restype_lig>
          <reschain_lig>A</reschain_lig>
          <dist>3.74</dist>
          <ligcarbonidx>1597</ligcarbonidx>
          <protcarbonidx>638</protcarbonidx>
          <ligcoo>
            <x>21.748</x>
            <y>31.614</y>
            <z>7.190</z>
          </ligcoo>
          <protcoo>
            <x>21.751</x>
            <y>33.469</y>
            <z>3.941</z>
          </protcoo>
        </hydrophobic_interaction>
      </hydrophobic_interactions>
      <hydrogen_bonds>
        <hydrogen_bond id="1">
          <resnr>39</resnr>
          <restype>ASN</restype>
          <reschain>A</reschain>
          <resnr_lig>1</resnr_lig>
          <restype_lig>UNL</restype_lig>
          <reschain_lig>A</reschain_lig>
          <sidechain>True</sidechain>
          <dist_h-a>2.42</dist_h-a>
          <dist_d-a>3.07</dist_d-a>
          <don_angle>120.92</don_angle>
          <protisdon>False</protisdon>
          <donoridx>1590</donoridx>
          <donortype>Ng+</donortype>
          <acceptoridx>302</acceptoridx>
          <acceptortype>O2</acceptortype>
          <ligcoo>
            <x>21.346</x>
            <y>34.910</y>
            <z>13.460</z>
          </ligcoo>
          <protcoo>
            <x>18.795</x>
            <y>36.014</y>
            <z>14.755</z>
          </protcoo>
        </hydrogen_bond>
        <hydrogen_bond id="2">
          <resnr>56</resnr>
          <restype>TRP</restype>
          <reschain>A</reschain>
          <resnr_lig>1</resnr_lig>
          <restype_lig>UNL</restype_lig>
          <reschain_lig>A</reschain_lig>
          <sidechain>True</sidechain>
          <dist_h-a>2.17</dist_h-a>
          <dist_d-a>3.11</dist_d-a>
          <don_angle>150.33</don_angle>
          <protisdon>True</protisdon>
          <donoridx>455</donoridx>
          <donortype>Nar</donortype>
          <acceptoridx>1583</acceptoridx>
          <acceptortype>N3</acceptortype>
          <ligcoo>
            <x>20.827</x>
            <y>33.283</y>
            <z>11.422</z>
          </ligcoo>
          <protcoo>
            <x>18.505</x>
            <y>35.333</y>
            <z>11.171</z>
          </protcoo>
        </hydrogen_bond>
      </hydrogen_bonds>
      <water_bridges/>
      <salt_bridges/>
      <pi_stacks/>
      <pi_cation_interactions/>
      <halogen_bonds>
        <halogen_bond id="1">
          <resnr>52</resnr>
          <restype>ASN</restype>
          <reschain>A</reschain>
          <resnr_lig>1</resnr_lig>
          <restype_lig>UNL</restype_lig>
          <reschain_lig>A</reschain_lig>
          <sidechain>False</sidechain>
          <dist>3.93</dist>
          <don_angle>152.69</don_angle>
          <acc_angle>149.53</acc_angle>
          <don_idx>1601</don_idx>
          <donortype>Cl</donortype>
          <acc_idx>414</acc_idx>
          <acceptortype>O2</acceptortype>
          <ligcoo>
            <x>18.861</x>
            <y>26.934</y>
            <z>13.224</z>
          </ligcoo>
          <protcoo>
            <x>20.703</x>
            <y>29.738</y>
            <z>11.170</z>
          </protcoo>
        </halogen_bond>
      </halogen_bonds>
      <metal_complexes/>
    </interactions>
    <mappings>
      <smiles_to_pdb>4:1583,3:1584,2:1585,1:1586,14:1590,5:1593,6:1594,7:1595,12:1596,9:1597,11:1598,10:1599,8:1600,13:1601</smiles_to_pdb>
    </mappings>
  </bindingsite>
  <date_of_creation>2025/09/01</date_of_creation>
  <citation_information>Adasme,M. et al. PLIP 2021: expanding the scope of the protein-ligand interaction profiler to DNA and RNA. Nucl. Acids Res. (05 May 2021), gkab294. doi: 10.1093/nar/gkab294</citation_information>
  <maintainer_information>PharmAI GmbH (2020-2021) - www.pharm.ai - hello@pharm.ai</maintainer_information>
  <mode>default</mode>
  <pdbid>ZINC000000001522_COMPLEX_PROTEIN</pdbid>
  <model>1</model>
  <filetype>PDB</filetype>
  <pdbfile>plip_results/ZINC000000001522_complex/plipfixed.ZINC000000001522_complex_5s56h588.pdb</pdbfile>
  <pdbfixes>True</pdbfixes>
  <filename>plipfixed.ZINC000000001522_complex_5s56h588.pdb</filename>
  <excluded_ligands/>
  <covlinkages/>
</report>
