<?xml version='1.0' encoding='ASCII'?>
<report>
  <plipversion>2.3.1</plipversion>
  <bindingsite id="1" has_interactions="True">
    <identifiers>
      <longname>UNL</longname>
      <ligtype>SMALLMOLECULE</ligtype>
      <hetid>UNL</hetid>
      <chain>A</chain>
      <position>1</position>
      <composite>False</composite>
      <members>
        <member id="1">UNL:A:1</member>
      </members>
      <smiles>[N]=C([N]c1ccccc1C(F)(F)F)[N]c1cc(C)cc(c1)C</smiles>
      <inchikey>SLLOJOAYFAHXOK-UHFFFAOYSA-N
</inchikey>
    </identifiers>
    <lig_properties>
      <num_heavy_atoms>22</num_heavy_atoms>
      <num_hbd>4</num_hbd>
      <num_unpaired_hbd>1</num_unpaired_hbd>
      <num_hba>0</num_hba>
      <num_unpaired_hba>0</num_unpaired_hba>
      <num_hal>3</num_hal>
      <num_unpaired_hal>3</num_unpaired_hal>
      <num_aromatic_rings>2</num_aromatic_rings>
      <num_rotatable_bonds>5</num_rotatable_bonds>
      <molweight>304.28972959999993</molweight>
      <logp>3.6503000000000005</logp>
    </lig_properties>
    <interacting_chains>
      <interacting_chain id="1">A</interacting_chain>
    </interacting_chains>
    <bs_residues>
      <bs_residue id="1" contact="False" min_dist="5.9" aa="LYS">5A</bs_residue>
      <bs_residue id="2" contact="False" min_dist="6.7" aa="THR">35A</bs_residue>
      <bs_residue id="3" contact="False" min_dist="4.6" aa="ASP">38A</bs_residue>
      <bs_residue id="4" contact="True" min_dist="3.0" aa="SER">71A</bs_residue>
      <bs_residue id="5" contact="False" min_dist="6.8" aa="TYR">64A</bs_residue>
      <bs_residue id="6" contact="False" min_dist="5.1" aa="PRO">69A</bs_residue>
      <bs_residue id="7" contact="False" min_dist="7.4" aa="TYR">40A</bs_residue>
      <bs_residue id="8" contact="True" min_dist="3.5" aa="TRP">56A</bs_residue>
      <bs_residue id="9" contact="False" min_dist="6.1" aa="THR">58A</bs_residue>
      <bs_residue id="10" contact="False" min_dist="5.8" aa="TYR">72A</bs_residue>
      <bs_residue id="11" contact="False" min_dist="3.8" aa="ARG">68A</bs_residue>
      <bs_residue id="12" contact="False" min_dist="4.6" aa="ASP">57A</bs_residue>
      <bs_residue id="13" contact="False" min_dist="6.4" aa="ALA">59A</bs_residue>
      <bs_residue id="14" contact="True" min_dist="2.9" aa="LEU">67A</bs_residue>
      <bs_residue id="15" contact="False" min_dist="2.6" aa="ASN">39A</bs_residue>
      <bs_residue id="16" contact="False" min_dist="6.8" aa="PRO">73A</bs_residue>
      <bs_residue id="17" contact="True" min_dist="3.4" aa="LEU">70A</bs_residue>
      <bs_residue id="18" contact="True" min_dist="2.9" aa="PHE">37A</bs_residue>
    </bs_residues>
    <interactions>
      <hydrophobic_interactions>
        <hydrophobic_interaction id="1">
          <resnr>37</resnr>
          <restype>PHE</restype>
          <reschain>A</reschain>
          <resnr_lig>1</resnr_lig>
          <restype_lig>UNL</restype_lig>
          <reschain_lig>A</reschain_lig>
          <dist>3.51</dist>
          <ligcarbonidx>1592</ligcarbonidx>
          <protcarbonidx>279</protcarbonidx>
          <ligcoo>
            <x>18.483</x>
            <y>46.487</y>
            <z>12.212</z>
          </ligcoo>
          <protcoo>
            <x>15.840</x>
            <y>44.217</y>
            <z>12.656</z>
          </protcoo>
        </hydrophobic_interaction>
        <hydrophobic_interaction id="2">
          <resnr>56</resnr>
          <restype>TRP</restype>
          <reschain>A</reschain>
          <resnr_lig>1</resnr_lig>
          <restype_lig>UNL</restype_lig>
          <reschain_lig>A</reschain_lig>
          <dist>3.48</dist>
          <ligcarbonidx>1603</ligcarbonidx>
          <protcarbonidx>460</protcarbonidx>
          <ligcoo>
            <x>21.547</x>
            <y>41.759</y>
            <z>11.499</z>
          </ligcoo>
          <protcoo>
            <x>19.750</x>
            <y>39.107</y>
            <z>10.144</z>
          </protcoo>
        </hydrophobic_interaction>
        <hydrophobic_interaction id="3">
          <resnr>67</resnr>
          <restype>LEU</restype>
          <reschain>A</reschain>
          <resnr_lig>1</resnr_lig>
          <restype_lig>UNL</restype_lig>
          <reschain_lig>A</reschain_lig>
          <dist>3.70</dist>
          <ligcarbonidx>1592</ligcarbonidx>
          <protcarbonidx>569</protcarbonidx>
          <ligcoo>
            <x>18.483</x>
            <y>46.487</y>
            <z>12.212</z>
          </ligcoo>
          <protcoo>
            <x>16.739</x>
            <y>48.550</y>
            <z>9.689</z>
          </protcoo>
        </hydrophobic_interaction>
        <hydrophobic_interaction id="4">
          <resnr>70</resnr>
          <restype>LEU</restype>
          <reschain>A</reschain>
          <resnr_lig>1</resnr_lig>
          <restype_lig>UNL</restype_lig>
          <reschain_lig>A</reschain_lig>
          <dist>3.81</dist>
          <ligcarbonidx>1600</ligcarbonidx>
          <protcarbonidx>600</protcarbonidx>
          <ligcoo>
            <x>20.761</x>
            <y>42.984</y>
            <z>9.130</z>
          </ligcoo>
          <protcoo>
            <x>19.801</x>
            <y>44.893</y>
            <z>5.971</z>
          </protcoo>
        </hydrophobic_interaction>
      </hydrophobic_interactions>
      <hydrogen_bonds>
        <hydrogen_bond id="1">
          <resnr>71</resnr>
          <restype>SER</restype>
          <reschain>A</reschain>
          <resnr_lig>1</resnr_lig>
          <restype_lig>UNL</restype_lig>
          <reschain_lig>A</reschain_lig>
          <sidechain>True</sidechain>
          <dist_h-a>2.09</dist_h-a>
          <dist_d-a>2.98</dist_d-a>
          <don_angle>145.81</don_angle>
          <protisdon>False</protisdon>
          <donoridx>1587</donoridx>
          <donortype>Ng+</donortype>
          <acceptoridx>610</acceptoridx>
          <acceptortype>O3</acceptortype>
          <ligcoo>
            <x>17.374</x>
            <y>44.776</y>
            <z>8.495</z>
          </ligcoo>
          <protcoo>
            <x>16.328</x>
            <y>41.994</y>
            <z>8.707</z>
          </protcoo>
        </hydrogen_bond>
        <hydrogen_bond id="2">
          <resnr>71</resnr>
          <restype>SER</restype>
          <reschain>A</reschain>
          <resnr_lig>1</resnr_lig>
          <restype_lig>UNL</restype_lig>
          <reschain_lig>A</reschain_lig>
          <sidechain>True</sidechain>
          <dist_h-a>2.64</dist_h-a>
          <dist_d-a>3.06</dist_d-a>
          <don_angle>104.99</don_angle>
          <protisdon>False</protisdon>
          <donoridx>1583</donoridx>
          <donortype>Ng+</donortype>
          <acceptoridx>610</acceptoridx>
          <acceptortype>O3</acceptortype>
          <ligcoo>
            <x>18.570</x>
            <y>43.534</y>
            <z>10.113</z>
          </ligcoo>
          <protcoo>
            <x>16.328</x>
            <y>41.994</y>
            <z>8.707</z>
          </protcoo>
        </hydrogen_bond>
      </hydrogen_bonds>
      <water_bridges/>
      <salt_bridges/>
      <pi_stacks/>
      <pi_cation_interactions/>
      <halogen_bonds/>
      <metal_complexes/>
    </interactions>
    <mappings>
      <smiles_to_pdb>3:1583,2:1585,14:1586,1:1587,15:1591,16:1592,21:1593,17:1594,20:1595,19:1596,18:1597,22:1598,4:1599,5:1600,9:1601,6:1602,8:1603,7:1604,10:1605,11:1606,12:1607,13:1608</smiles_to_pdb>
    </mappings>
  </bindingsite>
  <date_of_creation>2025/09/01</date_of_creation>
  <citation_information>Adasme,M. et al. PLIP 2021: expanding the scope of the protein-ligand interaction profiler to DNA and RNA. Nucl. Acids Res. (05 May 2021), gkab294. doi: 10.1093/nar/gkab294</citation_information>
  <maintainer_information>PharmAI GmbH (2020-2021) - www.pharm.ai - hello@pharm.ai</maintainer_information>
  <mode>default</mode>
  <pdbid>ZINC00000001A116_COMPLEX_PROTEIN</pdbid>
  <model>1</model>
  <filetype>PDB</filetype>
  <pdbfile>plip_results/ZINC00000001A116_complex/plipfixed.ZINC00000001A116_complex_j0gq6o4d.pdb</pdbfile>
  <pdbfixes>True</pdbfixes>
  <filename>plipfixed.ZINC00000001A116_complex_j0gq6o4d.pdb</filename>
  <excluded_ligands/>
  <covlinkages/>
</report>
